{"cameraMode":{"drawMode":0,"name":"Shaded","section":"Shading Mode"},"sceneLighting":true,"audioPlay":false,"sceneViewState":{"m_AlwaysRefresh":false,"showFog":true,"showSkybox":true,"showFlares":true,"showImageEffects":true,"showParticleSystems":true,"showVisualEffectGraphs":true,"m_FxEnabled":true},"in2DMode":false,"pivot":{"x":309.2296142578125,"y":142.01443481445313,"z":17.849153518676759},"rotation":{"x":0.1654985100030899,"y":0.052343014627695087,"z":-0.008796471171081066,"w":0.9847838282585144},"size":225.13290405273438,"orthographic":false}