{"cameraMode":{"drawMode":0,"name":"Shaded","section":"Shading Mode"},"sceneLighting":true,"audioPlay":false,"sceneViewState":{"m_AlwaysRefresh":false,"showFog":true,"showSkybox":true,"showFlares":true,"showImageEffects":true,"showParticleSystems":true,"showVisualEffectGraphs":true,"m_FxEnabled":true},"in2DMode":false,"pivot":{"x":-2.184892416000366,"y":10.595232963562012,"z":1.310175895690918},"rotation":{"x":-0.1538514494895935,"y":0.021040990948677064,"z":-0.003276943461969495,"w":-0.9878661036491394},"size":23.217058181762697,"orthographic":true}