{"cameraMode":{"drawMode":0,"name":"Shaded","section":"Shading Mode"},"sceneLighting":false,"audioPlay":false,"sceneViewState":{"m_AlwaysRefresh":false,"showFog":true,"showSkybox":false,"showFlares":true,"showImageEffects":true,"showParticleSystems":true,"showVisualEffectGraphs":true,"m_FxEnabled":true},"in2DMode":false,"pivot":{"x":0.5400000810623169,"y":1.2474863529205323,"z":13.604043960571289},"rotation":{"x":-0.044384319335222247,"y":-0.006902405992150307,"z":0.0003154850273858756,"w":-0.9990115761756897},"size":8.150108337402344,"orthographic":true}