{"cameraMode":{"drawMode":0,"name":"Shaded","section":"Shading Mode"},"sceneLighting":false,"audioPlay":false,"sceneViewState":{"m_AlwaysRefresh":false,"showFog":true,"showSkybox":false,"showFlares":true,"showImageEffects":true,"showParticleSystems":true,"showVisualEffectGraphs":true,"m_FxEnabled":true},"in2DMode":false,"pivot":{"x":14.391366004943848,"y":-0.03721916675567627,"z":13.393108367919922},"rotation":{"x":-0.10119207948446274,"y":0.02595563232898712,"z":-0.0026380480267107488,"w":-0.9945370554924011},"size":5.641723155975342,"orthographic":true}