{"cameraMode":{"drawMode":0,"name":"Shaded","section":"Shading Mode"},"sceneLighting":false,"audioPlay":false,"sceneViewState":{"m_AlwaysRefresh":false,"showFog":true,"showSkybox":false,"showFlares":true,"showImageEffects":true,"showParticleSystems":true,"showVisualEffectGraphs":true,"m_FxEnabled":true},"in2DMode":false,"pivot":{"x":-12.699999809265137,"y":1.1149187088012696,"z":13.630843162536621},"rotation":{"x":-0.18127134442329408,"y":0.0359792485833168,"z":-0.006626299116760492,"w":-0.9827696084976196},"size":9.561738014221192,"orthographic":true}